{"cameraMode":{"drawMode":0,"name":"Shaded","section":"Shading Mode"},"sceneLighting":true,"audioPlay":false,"sceneViewState":{"m_AlwaysRefresh":false,"showFog":true,"showSkybox":true,"showFlares":true,"showImageEffects":true,"showParticleSystems":true,"showVisualEffectGraphs":true,"m_FxEnabled":true},"in2DMode":false,"pivot":{"x":-7.579999923706055,"y":0.3199999928474426,"z":2.5899999141693117},"rotation":{"x":0.14400915801525117,"y":-0.5010557770729065,"z":0.08497729152441025,"w":0.8491126298904419},"size":2.7916016578674318,"orthographic":true}