{"cameraMode":{"drawMode":0,"name":"Shaded","section":"Shading Mode"},"sceneLighting":true,"audioPlay":false,"sceneViewState":{"m_AlwaysRefresh":false,"showFog":true,"showSkybox":true,"showFlares":true,"showImageEffects":true,"showParticleSystems":true,"showVisualEffectGraphs":true,"m_FxEnabled":true},"in2DMode":false,"pivot":{"x":-2.019314765930176,"y":-0.8916394114494324,"z":0.10765683650970459},"rotation":{"x":0.0906989797949791,"y":0.040321946144104007,"z":-0.003676283871755004,"w":0.995059072971344},"size":1.6669429540634156,"orthographic":true}